Measure,Value
Count,120.0
sum,6114.0
Mean,50.95000000000002
Min,18.0
Max,95.0
Range,77.0
Variance,241.56050420168066
Std. Dev,15.542216836786206
