Measure,Value
Count,120.0
sum,5543.0
Mean,46.19166666666666
Min,15.0
Max,88.0
Range,73.0
Variance,144.3915266106443
Std. Dev,12.01630253491665
