Measure,Value
Count,120.0
sum,5160.0
Mean,42.99999999999999
Min,22.0
Max,81.0
Range,59.0
Variance,143.10924369747906
Std. Dev,11.962827579526467
