Measure,Value
Count,96.0
sum,3807.0
Mean,39.65625000000001
Min,14.0
Max,73.0
Range,59.0
Variance,129.44901315789463
Std. Dev,11.377566222962388
