Measure,Value
Count,96.0
sum,3763.0
Mean,39.19791666666666
Min,15.0
Max,73.0
Range,58.0
Variance,149.12883771929825
Std. Dev,12.211831874018666
