Measure,Value
Count,96.0
sum,3856.0
Mean,40.16666666666667
Min,20.0
Max,78.0
Range,58.0
Variance,159.50877192982458
Std. Dev,12.629678219567772
