Measure,Value
Count,96.0
sum,3862.0
Mean,40.22916666666668
Min,18.0
Max,90.0
Range,72.0
Variance,175.48377192982443
Std. Dev,13.24702879629332
