Measure,Value
Count,96.0
sum,3897.0
Mean,40.59374999999999
Min,22.0
Max,85.0
Range,63.0
Variance,188.51743421052618
Std. Dev,13.730165119565248
