Measure,Value
Count,96.0
sum,3919.0
Mean,40.82291666666667
Min,22.0
Max,90.0
Range,68.0
Variance,172.02094298245618
Std. Dev,13.115675468021317
