Measure,Value
Count,96.0
sum,3865.0
Mean,40.26041666666667
Min,21.0
Max,77.0
Range,56.0
Variance,117.54199561403502
Std. Dev,10.841678634512048
