Measure,Value
Count,96.0
sum,3830.0
Mean,39.895833333333336
Min,14.0
Max,91.0
Range,77.0
Variance,209.5679824561404
Std. Dev,14.47646305062602
