Measure,Value
Count,96.0
sum,3723.0
Mean,38.781249999999986
Min,21.0
Max,76.0
Range,55.0
Variance,128.6148026315789
Std. Dev,11.340846645272077
