Measure,Value
Count,120.0
sum,250.0
Mean,2.0833333333333326
Min,1.0
Max,3.0
Range,2.0
Variance,0.581232492997199
Std. Dev,0.7623860524676452
