Measure,Value
Count,120.0
sum,270.0
Mean,2.249999999999999
Min,1.0
Max,3.0
Range,2.0
Variance,0.5420168067226889
Std. Dev,0.7362179070918399
