Measure,Value
Count,120.0
sum,199.0
Mean,1.6583333333333332
Min,1.0
Max,3.0
Range,2.0
Variance,0.6974089635854341
Std. Dev,0.8351101505702312
