Measure,Value
Count,96.0
sum,185.0
Mean,1.9270833333333337
Min,1.0
Max,3.0
Range,2.0
Variance,0.6788377192982458
Std. Dev,0.8239160875345534
