Measure,Value
Count,96.0
sum,194.0
Mean,2.020833333333334
Min,1.0
Max,3.0
Range,2.0
Variance,0.6942982456140347
Std. Dev,0.8332456094177964
