Measure,Value
Count,96.0
sum,196.0
Mean,2.041666666666667
Min,1.0
Max,3.0
Range,2.0
Variance,0.6298245614035086
Std. Dev,0.793614869696573
