Measure,Value
Count,96.0
sum,187.0
Mean,1.9479166666666674
Min,1.0
Max,3.0
Range,2.0
Variance,0.6814692982456141
Std. Dev,0.8255115373182946
