Measure,Value
Count,96.0
sum,193.0
Mean,2.0104166666666665
Min,1.0
Max,3.0
Range,2.0
Variance,0.6630482456140355
Std. Dev,0.8142777447615989
