Measure,Value
Count,96.0
sum,196.0
Mean,2.0416666666666665
Min,1.0
Max,3.0
Range,2.0
Variance,0.6719298245614029
Std. Dev,0.8197132575244852
