{
  "Metadata" : {
    "ID" : 3,
    "Filename" : "3.json",
    "Alpha" : 0.25,
    "Gamma" : 0.25,
    "Epsilon" : 0.35,
    "Solver" : "Q_LEARNING",
    "Heuristic" : "players.heuristics.WinOnlyHeuristic",
    "QWeightsDataStructure" : "players.rl.QWDSTabular",
    "RLFeatureVector" : "games.tictactoe.TicTacToeStateVector",
    "NGamesTotal" : 2,
    "NGamesThisId" : 1,
    "StartID" : 2,
    "StartFilename" : "2.json",
    "StartNGames" : 1
  },
  "Weights" : {
    "[-1.0,1.0,1.0,-1.0,1.0,0.0,0.0,-1.0,1.0]" : 0.625,
    "[-1.0,1.0,0.0,0.0,1.0,0.0,0.0,-1.0,1.0]" : 0.4140625,
    "[0.0,1.0,0.0,0.0,1.0,0.0,0.0,-1.0,0.0]" : 0.40625,
    "[0.0,0.0,0.0,0.0,1.0,0.0,0.0,0.0,0.0]" : 0.40625,
    "[1.0,-1.0,-1.0,1.0,-1.0,1.0,0.0,1.0,-1.0]" : 0.125,
    "[1.0,-1.0,0.0,1.0,-1.0,0.0,0.0,1.0,-1.0]" : 0.40625,
    "[1.0,-1.0,0.0,0.0,-1.0,0.0,0.0,1.0,0.0]" : 0.40625,
    "[0.0,0.0,0.0,0.0,-1.0,0.0,0.0,1.0,0.0]" : 0.40625,
    "[0.0,1.0,1.0,1.0,-1.0,-1.0,-1.0,0.0,1.0]" : 0.625,
    "[0.0,0.0,1.0,1.0,-1.0,0.0,-1.0,0.0,1.0]" : 0.4140625,
    "[0.0,0.0,0.0,1.0,0.0,0.0,-1.0,0.0,1.0]" : 0.40625,
    "[0.0,0.0,0.0,1.0,0.0,0.0,0.0,0.0,0.0]" : 0.40625,
    "[0.0,-1.0,-1.0,-1.0,1.0,1.0,1.0,1.0,-1.0]" : 0.125,
    "[0.0,0.0,-1.0,-1.0,1.0,1.0,1.0,0.0,-1.0]" : 0.40625,
    "[0.0,0.0,0.0,-1.0,1.0,0.0,1.0,0.0,-1.0]" : 0.40625,
    "[0.0,0.0,0.0,-1.0,0.0,0.0,1.0,0.0,0.0]" : 0.40625
  }
}