Measure,Value
Count,96.0
sum,199.0
Mean,2.0729166666666674
Min,1.0
Max,3.0
Range,2.0
Variance,0.6367324561403507
Std. Dev,0.7979551717611402
