Measure,Value
Count,96.0
sum,187.0
Mean,1.9479166666666665
Min,1.0
Max,3.0
Range,2.0
Variance,0.7235745614035086
Std. Dev,0.8506318600919605
