Measure,Value
Count,96.0
sum,188.0
Mean,1.9583333333333337
Min,1.0
Max,3.0
Range,2.0
Variance,0.6508771929824563
Std. Dev,0.8067696034076001
