Measure,Value
Count,96.0
sum,3742.0
Mean,38.97916666666668
Min,20.0
Max,71.0
Range,51.0
Variance,121.7048245614036
Std. Dev,11.031990960901101
