Measure,Value
Count,96.0
sum,3852.0
Mean,40.125
Min,18.0
Max,71.0
Range,53.0
Variance,136.91052631578947
Std. Dev,11.700877160101694
