Measure,Value
Count,96.0
sum,3796.0
Mean,39.54166666666666
Min,17.0
Max,86.0
Range,69.0
Variance,182.01929824561407
Std. Dev,13.491452784841744
