Measure,Value
Count,96.0
sum,179.0
Mean,1.8645833333333341
Min,1.0
Max,3.0
Range,2.0
Variance,0.5814692982456143
Std. Dev,0.7625413419911174
