Measure,Value
Count,96.0
sum,198.0
Mean,2.0624999999999996
Min,1.0
Max,3.0
Range,2.0
Variance,0.6907894736842108
Std. Dev,0.8311374577554611
