Measure,Value
Count,96.0
sum,198.0
Mean,2.062499999999999
Min,1.0
Max,3.0
Range,2.0
Variance,0.7118421052631576
Std. Dev,0.8437073575969085
