Measure,Value
Count,120.0
sum,5277.0
Mean,43.97499999999999
Min,24.0
Max,75.0
Range,51.0
Variance,122.10861344537813
Std. Dev,11.05027662302524
