Measure,Value
Count,120.0
sum,6023.0
Mean,50.19166666666666
Min,21.0
Max,89.0
Range,68.0
Variance,243.71925770308124
Std. Dev,15.611510423501027
