Measure,Value
Count,120.0
sum,5065.0
Mean,42.20833333333334
Min,24.0
Max,70.0
Range,46.0
Variance,96.41841736694677
Std. Dev,9.819288027497043
