Measure,Value
Count,120.0
sum,5365.0
Mean,44.70833333333334
Min,24.0
Max,83.0
Range,59.0
Variance,125.82177871148457
Std. Dev,11.217030743984104
