Measure,Value
Count,120.0
sum,6010.0
Mean,50.083333333333336
Min,23.0
Max,99.0
Range,76.0
Variance,211.08543417366937
Std. Dev,14.528779514249274
