Measure,Value
Count,120.0
sum,5042.0
Mean,42.01666666666667
Min,23.0
Max,72.0
Range,49.0
Variance,116.41988795518205
Std. Dev,10.789804815434895
