Measure,Value
Count,120.0
sum,253.0
Mean,2.108333333333333
Min,1.0
Max,3.0
Range,2.0
Variance,0.6184173669467787
Std. Dev,0.7863951722555135
