Measure,Value
Count,120.0
sum,201.0
Mean,1.6750000000000007
Min,1.0
Max,3.0
Range,2.0
Variance,0.7422268907563022
Std. Dev,0.8615259083488449
