Measure,Value
Count,120.0
sum,265.0
Mean,2.2083333333333317
Min,1.0
Max,3.0
Range,2.0
Variance,0.4856442577030807
Std. Dev,0.6968818104263309
