Measure,Value
Count,120.0
sum,245.0
Mean,2.0416666666666656
Min,1.0
Max,3.0
Range,2.0
Variance,0.5780812324929971
Std. Dev,0.7603165344072146
