Measure,Value
Count,120.0
sum,207.0
Mean,1.725000000000001
Min,1.0
Max,3.0
Range,2.0
Variance,0.7724789915966382
Std. Dev,0.8789078402179823
