Measure,Value
Count,120.0
sum,266.0
Mean,2.216666666666667
Min,1.0
Max,3.0
Range,2.0
Variance,0.5577030812324931
Std. Dev,0.7467952070229784
